,tB,nu
0,3.92503022974607,0.058178989062596595
1,3.1723316735224074,0.012498362264361908
